<Results>
<Row>
<empno>1</empno>
<ename>qw</ename>
<job>fds</job>
<mgr>12</mgr>
<hiredate>1998-02-19</hiredate>
<sal>2000</sal>
<comm>20</comm>
<deptno>20</deptno>
</Row>
<Row>
<empno>2</empno>
<ename>dell</ename>
<job>fdjk</job>
<mgr>29</mgr>
<hiredate>1992-12-12</hiredate>
<sal>20</sal>
<comm>20</comm>
<deptno>20</deptno>
</Row>
<Row>
<empno>3</empno>
<ename>VJ</ename>
<job>Developer</job>
<mgr>7000</mgr>
<hiredate>2015-11-11</hiredate>
<sal>2000000</sal>
<comm>20</comm>
<deptno>30</deptno>
</Row>
<Row>
<empno>4</empno>
<ename>abc</ename>
<job>Developer</job>
<mgr>7000</mgr>
<hiredate>2015-11-11</hiredate>
<sal>2000000</sal>
<comm>20</comm>
<deptno>30</deptno>
</Row>
<Row>
<empno>5</empno>
<ename>uoiuiu</ename>
<job>intern</job>
<mgr>18</mgr>
<hiredate>1996-08-22</hiredate>
<sal>20000</sal>
<comm>20</comm>
<deptno>20</deptno>
</Row>
<Row>
<empno>7</empno>
<ename>Varnita j</ename>
<job>Developer</job>
<mgr>7000</mgr>
<hiredate>2015-11-11</hiredate>
<sal>2000000</sal>
<comm>20</comm>
<deptno>30</deptno>
</Row>
<Row>
<empno>12</empno>
<ename>abc</ename>
<job>intern</job>
<mgr>21</mgr>
<hiredate>2019-10-10</hiredate>
<sal>2</sal>
<comm>12</comm>
<deptno>20</deptno>
</Row>
<Row>
<empno>14</empno>
<ename>solan</ename>
<job>12</job>
<mgr>29</mgr>
<hiredate>1997-03-22</hiredate>
<sal>2000</sal>
<comm>20</comm>
<deptno>20</deptno>
</Row>
<Row>
<empno>16</empno>
<ename>Varnita</ename>
<job>Developer</job>
<mgr>500</mgr>
<hiredate>2015-11-11</hiredate>
<sal>2000000</sal>
<comm>20</comm>
<deptno>30</deptno>
</Row>
<Row>
<empno>18</empno>
<ename>Geet</ename>
<job>HR</job>
<mgr>21</mgr>
<hiredate>2019-10-10</hiredate>
<sal>2</sal>
<comm>2</comm>
<deptno>20</deptno>
</Row>
<Row>
<empno>19</empno>
<ename>Geet</ename>
<job>HR</job>
<mgr>21</mgr>
<hiredate>2019-10-10</hiredate>
<sal>2</sal>
<comm>2</comm>
<deptno>20</deptno>
</Row>
<Row>
<empno>28</empno>
<ename>dfjks</ename>
<job>kjdfs</job>
<mgr>28</mgr>
<hiredate>1997-10-10</hiredate>
<sal>20</sal>
<comm>20</comm>
<deptno>20</deptno>
</Row>
<Row>
<empno>34</empno>
<ename>Geet</ename>
<job>HR</job>
<mgr>21</mgr>
<hiredate>2019-10-10</hiredate>
<sal>2</sal>
<comm>2</comm>
<deptno>20</deptno>
</Row>
<Row>
<empno>39</empno>
<ename>Geet</ename>
<job>HR</job>
<mgr>21</mgr>
<hiredate>2019-10-10</hiredate>
<sal>2</sal>
<comm>2</comm>
<deptno>20</deptno>
</Row>
<Row>
<empno>65</empno>
<ename>Tushar</ename>
<job>Developer</job>
<mgr>456</mgr>
<hiredate>2012-08-12</hiredate>
<sal>6557</sal>
<comm>875</comm>
<deptno>20</deptno>
</Row>
<Row>
<empno>89</empno>
<ename>Darpan</ename>
<job>Developer</job>
<mgr>1234</mgr>
<hiredate>2019-01-02</hiredate>
<sal>1200000</sal>
<comm>21</comm>
<deptno>20</deptno>
</Row>
<Row>
<empno>99</empno>
<ename>Darpan</ename>
<job>Developer</job>
<mgr>1234</mgr>
<hiredate>2019-01-02</hiredate>
<sal>1200000</sal>
<comm>21</comm>
<deptno>20</deptno>
</Row>
<Row>
<empno>121</empno>
<ename>parush</ename>
<job>intern</job>
<mgr>8</mgr>
<hiredate>1990-10-18</hiredate>
<sal>20000</sal>
<comm>20</comm>
<deptno>20</deptno>
</Row>
<Row>
<empno>231</empno>
<ename>Geet</ename>
<job>HR</job>
<mgr>21</mgr>
<hiredate>2019-10-10</hiredate>
<sal>2</sal>
<comm>2</comm>
<deptno>20</deptno>
</Row>
<Row>
<empno>233</empno>
<ename>Geet</ename>
<job>HR</job>
<mgr>21</mgr>
<hiredate>2019-10-10</hiredate>
<sal>2</sal>
<comm>2</comm>
<deptno>20</deptno>
</Row>
<Row>
<empno>234</empno>
<ename>Shashank</ename>
<job>Intern</job>
<mgr>0</mgr>
<hiredate>2019-01-17</hiredate>
<sal>20000</sal>
<comm>875</comm>
<deptno>20</deptno>
</Row>
<Row>
<empno>239</empno>
<ename>Shashank</ename>
<job>Intern</job>
<mgr>0</mgr>
<hiredate>2019-01-17</hiredate>
<sal>20000</sal>
<comm>875</comm>
<deptno>20</deptno>
</Row>
<Row>
<empno>250</empno>
<ename>Shashank</ename>
<job>Intern</job>
<mgr>0</mgr>
<hiredate>2019-01-17</hiredate>
<sal>20000</sal>
<comm>875</comm>
<deptno>20</deptno>
</Row>
<Row>
<empno>290</empno>
<ename>Shashank</ename>
<job>Intern</job>
<mgr>0</mgr>
<hiredate>2019-01-17</hiredate>
<sal>20000</sal>
<comm>875</comm>
<deptno>20</deptno>
</Row>
<Row>
<empno>292</empno>
<ename>github</ename>
<job>open</job>
<mgr>1232</mgr>
<hiredate>2019-10-10</hiredate>
<sal>237</sal>
<comm>1232</comm>
<deptno>20</deptno>
</Row>
<Row>
<empno>300</empno>
<ename>Shashank</ename>
<job>Intern</job>
<mgr>0</mgr>
<hiredate>2019-01-17</hiredate>
<sal>20000</sal>
<comm>875</comm>
<deptno>20</deptno>
</Row>
<Row>
<empno>309</empno>
<ename>Geet</ename>
<job>HR</job>
<mgr>21</mgr>
<hiredate>2019-10-10</hiredate>
<sal>2</sal>
<comm>2</comm>
<deptno>20</deptno>
</Row>
<Row>
<empno>467</empno>
<ename>Tushar</ename>
<job>Developer</job>
<mgr>456</mgr>
<hiredate>2012-08-12</hiredate>
<sal>6557</sal>
<comm>875</comm>
<deptno>20</deptno>
</Row>
<Row>
<empno>555</empno>
<ename>Geet</ename>
<job>HR</job>
<mgr>21</mgr>
<hiredate>2019-10-10</hiredate>
<sal>2</sal>
<comm>2</comm>
<deptno>20</deptno>
</Row>
<Row>
<empno>1023</empno>
<ename>Mona Singh</ename>
<job>Developer</job>
<mgr>123</mgr>
<hiredate>2012-12-12</hiredate>
<sal>78</sal>
<comm>67</comm>
<deptno>20</deptno>
</Row>
<Row>
<empno>1024</empno>
<ename>Mona Singh</ename>
<job>Developer</job>
<mgr>123</mgr>
<hiredate>2012-12-12</hiredate>
<sal>78</sal>
<comm>67</comm>
<deptno>20</deptno>
</Row>
<Row>
<empno>1025</empno>
<ename>Mona Singh</ename>
<job>Developer</job>
<mgr>123</mgr>
<hiredate>2012-12-12</hiredate>
<sal>78</sal>
<comm>67</comm>
<deptno>20</deptno>
</Row>
<Row>
<empno>1026</empno>
<ename>Mona Singh</ename>
<job>Developer</job>
<mgr>123</mgr>
<hiredate>2012-12-12</hiredate>
<sal>78</sal>
<comm>67</comm>
<deptno>20</deptno>
</Row>
<Row>
<empno>1027</empno>
<ename>Mona Singh</ename>
<job>Developer</job>
<mgr>123</mgr>
<hiredate>2012-12-12</hiredate>
<sal>78</sal>
<comm>67</comm>
<deptno>20</deptno>
</Row>
<Row>
<empno>3000</empno>
<ename>Sonali</ename>
<job>Intern</job>
<mgr>456</mgr>
<hiredate>2012-08-12</hiredate>
<sal>6557</sal>
<comm>875</comm>
<deptno>20</deptno>
</Row>
<Row>
<empno>3007</empno>
<ename>Sonali</ename>
<job>Intern</job>
<mgr>456</mgr>
<hiredate>2012-08-12</hiredate>
<sal>6557</sal>
<comm>875</comm>
<deptno>20</deptno>
</Row>
<Row>
<empno>7369</empno>
<ename>SMITH</ename>
<job>CLERK</job>
<mgr>7902</mgr>
<hiredate>1980-12-17</hiredate>
<sal>800</sal>
<comm>null</comm>
<deptno>20</deptno>
</Row>
<Row>
<empno>7499</empno>
<ename>ALLEN</ename>
<job>SALESMAN</job>
<mgr>7698</mgr>
<hiredate>1981-02-20</hiredate>
<sal>1600</sal>
<comm>300</comm>
<deptno>30</deptno>
</Row>
<Row>
<empno>7521</empno>
<ename>WARD</ename>
<job>SALESMAN</job>
<mgr>7698</mgr>
<hiredate>1981-02-22</hiredate>
<sal>1250</sal>
<comm>500</comm>
<deptno>30</deptno>
</Row>
<Row>
<empno>7566</empno>
<ename>JONES</ename>
<job>MANAGER</job>
<mgr>7839</mgr>
<hiredate>1981-04-02</hiredate>
<sal>2975</sal>
<comm>null</comm>
<deptno>20</deptno>
</Row>
<Row>
<empno>7698</empno>
<ename>BLAKE</ename>
<job>MANAGER</job>
<mgr>7839</mgr>
<hiredate>1981-05-01</hiredate>
<sal>2850</sal>
<comm>null</comm>
<deptno>30</deptno>
</Row>
<Row>
<empno>7782</empno>
<ename>CLARK</ename>
<job>MANAGER</job>
<mgr>7839</mgr>
<hiredate>1981-06-09</hiredate>
<sal>2450</sal>
<comm>null</comm>
<deptno>10</deptno>
</Row>
<Row>
<empno>7788</empno>
<ename>SCOTT</ename>
<job>ANALYST</job>
<mgr>7566</mgr>
<hiredate>1987-07-13</hiredate>
<sal>3000</sal>
<comm>null</comm>
<deptno>20</deptno>
</Row>
<Row>
<empno>7839</empno>
<ename>KING</ename>
<job>PRESIDENT</job>
<mgr>null</mgr>
<hiredate>1981-11-17</hiredate>
<sal>5000</sal>
<comm>null</comm>
<deptno>10</deptno>
</Row>
<Row>
<empno>7902</empno>
<ename>FORD</ename>
<job>ANALYST</job>
<mgr>7566</mgr>
<hiredate>1981-12-03</hiredate>
<sal>3000</sal>
<comm>null</comm>
<deptno>20</deptno>
</Row>
<Row>
<empno>8000</empno>
<ename>aba</ename>
<job>abas</job>
<mgr>121</mgr>
<hiredate>1997-10-10</hiredate>
<sal>20</sal>
<comm>20</comm>
<deptno>20</deptno>
</Row>
<Row>
<empno>8001</empno>
<ename>sola</ename>
<job>intern</job>
<mgr>190</mgr>
<hiredate>1997-11-11</hiredate>
<sal>2000</sal>
<comm>20</comm>
<deptno>20</deptno>
</Row>
<Row>
<empno>46457</empno>
<ename>Tushar</ename>
<job>Developer</job>
<mgr>456</mgr>
<hiredate>2012-08-12</hiredate>
<sal>6557</sal>
<comm>875</comm>
<deptno>20</deptno>
</Row>
</Results>
